{
	"class_name" : "PinholeCameraParameters",
	"extrinsic" : 
	[
		0.26556531718552784,
		0.01502574593631497,
		0.96397577213704255,
		0.0,
		-0.96396661218946766,
		-0.012043079053178,
		0.26575051238121733,
		0.0,
		0.015602336110680404,
		-0.99981457841240562,
		0.011286093297201597,
		0.0,
		0.14011528283684133,
		0.27861810889030875,
		4.4051207696611243,
		1.0
	],
	"intrinsic" : 
	{
		"height" : 1080,
		"intrinsic_matrix" : 
		[
			935.30743608719376,
			0.0,
			0.0,
			0.0,
			935.30743608719376,
			0.0,
			959.5,
			539.5,
			1.0
		],
		"width" : 1920
	},
	"version_major" : 1,
	"version_minor" : 0
}